{
    "ret": 0.1573894442949525,
    "mtx": [
        [
            703.4261934232728,
            0.0,
            336.37005113047155
        ],
        [
            0.0,
            704.03767831291,
            236.83186246643
        ],
        [
            0.0,
            0.0,
            1.0
        ]
    ],
    "dist": [
        [
            0.02143474145666227,
            0.6878506805601836,
            -0.0036565704400556183,
            0.0028702607535073706,
            -1.5254827153904644
        ]
    ]
}