{
    "ret": 0.3342578573398562,
    "mtx": [
        [
            353.4083864721803,
            0.0,
            302.9965595687791
        ],
        [
            0.0,
            353.30929408980916,
            234.31614024089754
        ],
        [
            0.0,
            0.0,
            1.0
        ]
    ],
    "dist": [
        [
            0.25492110462809725,
            -0.3411080346000326,
            0.005474356136370044,
            -0.007040888768975331,
            0.1294305486253492
        ]
    ]
}