{
    "ret": 0.23486984063838198,
    "mtx": [
        [
            712.1295288158211,
            0.0,
            333.0315612549163
        ],
        [
            0.0,
            712.6224205133491,
            251.801570095453
        ],
        [
            0.0,
            0.0,
            1.0
        ]
    ],
    "dist": [
        [
            -0.00029990602074992246,
            1.1810470425179755,
            0.004780352055142781,
            0.0021022048089293353,
            -4.512825538175174
        ]
    ]
}